corpus,auroc
SemEval,0.798362212211188
Codeforces,0.9752747252747253
HumanEval,0.5395597858417609
Overall,0.798190125463684
