label,n_feats,f1_macro,accuracy
SemEval | All features,65,0.3319755600814664,0.4969512195121951
SemEval | Stable only (9),9,0.4297523372150238,0.5152439024390244
Codeforces | All features,65,0.4448926600825335,0.5548780487804879
Codeforces | Stable only (9),9,0.39090780875370224,0.5182926829268293
SemEval+CF | All features,65,0.3319755600814664,0.4969512195121951
SemEval+CF | Stable only (9),9,0.4043432399221392,0.49085365853658536
